timestamp,host,user,src_ip,outcome,message
2025-09-26T08:19:18,web01,mhamadi,10.0.5.12,failure,Failed password for mhamadi from 10.0.5.12
2025-09-26T08:22:18,jump01,admin,10.0.5.15,failure,Failed password for admin from 10.0.5.15
2025-09-26T08:25:18,web01,deploy,10.0.5.13,failure,Failed password for deploy from 10.0.5.13
2025-09-26T08:30:18,db01,ubuntu,10.0.5.17,success,Accepted password for ubuntu from 10.0.5.17
2025-09-26T08:36:18,web01,root,10.0.5.15,success,Accepted password for root from 10.0.5.15
2025-09-26T08:38:18,web01,ubuntu,10.0.5.12,success,Accepted password for ubuntu from 10.0.5.12
2025-09-26T08:40:18,jump01,root,10.0.5.12,success,Accepted password for root from 10.0.5.12
2025-09-26T08:46:18,web01,ubuntu,10.0.5.16,success,Accepted password for ubuntu from 10.0.5.16
2025-09-26T08:52:18,web01,root,10.0.5.16,failure,Failed password for root from 10.0.5.16
2025-09-26T08:58:18,jump01,root,10.0.5.17,success,Accepted password for root from 10.0.5.17
2025-09-26T09:01:18,web01,deploy,10.0.5.13,failure,Failed password for deploy from 10.0.5.13
2025-09-26T09:03:18,jump01,admin,10.0.5.18,success,Accepted password for admin from 10.0.5.18
2025-09-26T09:07:18,web01,root,10.0.5.15,failure,Failed password for root from 10.0.5.15
2025-09-26T09:10:18,db01,admin,10.0.5.17,failure,Failed password for admin from 10.0.5.17
2025-09-26T09:12:18,web01,deploy,10.0.5.13,success,Accepted password for deploy from 10.0.5.13
2025-09-26T09:14:18,db01,root,10.0.5.19,failure,Failed password for root from 10.0.5.19
2025-09-26T09:19:18,db01,admin,10.0.5.17,failure,Failed password for admin from 10.0.5.17
2025-09-26T09:21:18,jump01,ubuntu,10.0.5.15,failure,Failed password for ubuntu from 10.0.5.15
2025-09-26T09:26:18,web01,root,10.0.5.19,success,Accepted password for root from 10.0.5.19
2025-09-26T09:31:18,db01,deploy,10.0.5.11,success,Accepted password for deploy from 10.0.5.11
2025-09-26T09:33:18,jump01,deploy,10.0.5.11,failure,Failed password for deploy from 10.0.5.11
2025-09-26T09:39:18,jump01,ubuntu,10.0.5.16,failure,Failed password for ubuntu from 10.0.5.16
2025-09-26T09:45:18,db01,root,10.0.5.11,failure,Failed password for root from 10.0.5.11
2025-09-26T09:49:18,web01,admin,10.0.5.14,success,Accepted password for admin from 10.0.5.14
2025-09-26T09:54:18,web01,mhamadi,10.0.5.17,failure,Failed password for mhamadi from 10.0.5.17
2025-09-26T09:58:18,jump01,admin,10.0.5.12,failure,Failed password for admin from 10.0.5.12
2025-09-26T10:01:18,web01,admin,10.0.5.19,success,Accepted password for admin from 10.0.5.19
2025-09-26T10:05:18,web01,deploy,10.0.5.19,failure,Failed password for deploy from 10.0.5.19
2025-09-26T10:07:18,jump01,root,10.0.5.19,success,Accepted password for root from 10.0.5.19
2025-09-26T10:09:18,web01,admin,10.0.5.15,failure,Failed password for admin from 10.0.5.15
2025-09-26T10:13:18,jump01,deploy,10.0.5.12,failure,Failed password for deploy from 10.0.5.12
2025-09-26T10:15:18,db01,admin,10.0.5.19,success,Accepted password for admin from 10.0.5.19
2025-09-26T10:20:18,jump01,deploy,10.0.5.12,success,Accepted password for deploy from 10.0.5.12
2025-09-26T10:22:18,jump01,ubuntu,10.0.5.12,success,Accepted password for ubuntu from 10.0.5.12
2025-09-26T10:25:18,db01,admin,10.0.5.16,failure,Failed password for admin from 10.0.5.16
2025-09-26T10:28:18,db01,deploy,10.0.5.17,failure,Failed password for deploy from 10.0.5.17
2025-09-26T10:31:18,web01,root,10.0.5.14,success,Accepted password for root from 10.0.5.14
2025-09-26T10:34:18,web01,root,10.0.5.11,success,Accepted password for root from 10.0.5.11
2025-09-26T10:37:18,web01,admin,10.0.5.12,failure,Failed password for admin from 10.0.5.12
2025-09-26T10:43:18,web01,mhamadi,10.0.5.17,failure,Failed password for mhamadi from 10.0.5.17
2025-09-26T10:48:18,db01,root,10.0.5.11,success,Accepted password for root from 10.0.5.11
2025-09-26T10:50:18,db01,ubuntu,10.0.5.17,success,Accepted password for ubuntu from 10.0.5.17
2025-09-26T10:52:18,jump01,admin,10.0.5.17,failure,Failed password for admin from 10.0.5.17
2025-09-26T10:54:18,jump01,deploy,10.0.5.11,success,Accepted password for deploy from 10.0.5.11
2025-09-26T11:00:18,db01,admin,10.0.5.17,success,Accepted password for admin from 10.0.5.17
2025-09-26T11:02:18,db01,mhamadi,10.0.5.13,failure,Failed password for mhamadi from 10.0.5.13
2025-09-26T11:04:18,web01,root,10.0.5.11,failure,Failed password for root from 10.0.5.11
2025-09-26T11:10:18,db01,ubuntu,10.0.5.11,failure,Failed password for ubuntu from 10.0.5.11
2025-09-26T11:12:18,db01,ubuntu,10.0.5.15,success,Accepted password for ubuntu from 10.0.5.15
2025-09-26T11:14:18,web01,admin,185.199.110.153,failure,Failed password for admin from 185.199.110.153
2025-09-26T11:15:18,web01,admin,185.199.110.153,failure,Failed password for admin from 185.199.110.153
2025-09-26T11:16:18,web01,admin,185.199.110.153,failure,Failed password for admin from 185.199.110.153
2025-09-26T11:17:18,web01,admin,185.199.110.153,failure,Failed password for admin from 185.199.110.153
2025-09-26T11:18:18,web01,ubuntu,10.0.5.16,success,Accepted password for ubuntu from 10.0.5.16
2025-09-26T11:18:18,web01,admin,185.199.110.153,failure,Failed password for admin from 185.199.110.153
2025-09-26T11:19:18,web01,admin,185.199.110.153,failure,Failed password for admin from 185.199.110.153
2025-09-26T11:20:18,web01,admin,185.199.110.153,failure,Failed password for admin from 185.199.110.153
2025-09-26T11:21:18,web01,admin,185.199.110.153,failure,Failed password for admin from 185.199.110.153
2025-09-26T11:22:18,web01,admin,185.199.110.153,failure,Failed password for admin from 185.199.110.153
2025-09-26T11:23:18,web01,root,10.0.5.11,failure,Failed password for root from 10.0.5.11
2025-09-26T11:23:18,web01,admin,185.199.110.153,failure,Failed password for admin from 185.199.110.153
2025-09-26T11:24:18,web01,admin,185.199.110.153,failure,Failed password for admin from 185.199.110.153
2025-09-26T11:25:18,web01,admin,185.199.110.153,failure,Failed password for admin from 185.199.110.153
2025-09-26T11:26:18,web01,admin,185.199.110.153,success,Accepted password for admin from 185.199.110.153
2025-09-26T11:29:18,db01,admin,10.0.5.17,success,Accepted password for admin from 10.0.5.17
2025-09-26T11:33:18,jump01,ubuntu,10.0.5.11,success,Accepted password for ubuntu from 10.0.5.11
2025-09-26T11:38:18,db01,deploy,10.0.5.19,success,Accepted password for deploy from 10.0.5.19
2025-09-26T11:43:18,db01,mhamadi,10.0.5.16,failure,Failed password for mhamadi from 10.0.5.16
2025-09-26T11:48:18,jump01,deploy,10.0.5.13,success,Accepted password for deploy from 10.0.5.13
2025-09-26T11:54:18,db01,mhamadi,10.0.5.13,failure,Failed password for mhamadi from 10.0.5.13
2025-09-26T11:56:18,jump01,ubuntu,10.0.5.11,failure,Failed password for ubuntu from 10.0.5.11
2025-09-26T12:01:18,web01,mhamadi,10.0.5.19,success,Accepted password for mhamadi from 10.0.5.19
2025-09-26T12:04:18,db01,mhamadi,10.0.5.16,failure,Failed password for mhamadi from 10.0.5.16
2025-09-26T12:09:18,db01,mhamadi,10.0.5.15,failure,Failed password for mhamadi from 10.0.5.15
2025-09-26T12:13:18,web01,ubuntu,10.0.5.16,failure,Failed password for ubuntu from 10.0.5.16
2025-09-26T12:15:18,db01,mhamadi,10.0.5.17,success,Accepted password for mhamadi from 10.0.5.17
2025-09-26T12:18:18,jump01,admin,10.0.5.19,success,Accepted password for admin from 10.0.5.19
2025-09-26T12:23:18,db01,root,10.0.5.18,failure,Failed password for root from 10.0.5.18
2025-09-26T12:29:18,jump01,mhamadi,10.0.5.12,failure,Failed password for mhamadi from 10.0.5.12
2025-09-26T12:35:18,db01,admin,10.0.5.14,success,Accepted password for admin from 10.0.5.14
2025-09-26T12:37:18,db01,admin,10.0.5.17,success,Accepted password for admin from 10.0.5.17
2025-09-26T12:41:18,jump01,mhamadi,10.0.5.17,failure,Failed password for mhamadi from 10.0.5.17
2025-09-26T12:43:18,jump01,root,10.0.5.17,success,Accepted password for root from 10.0.5.17
2025-09-26T12:49:18,web01,root,10.0.5.11,success,Accepted password for root from 10.0.5.11
2025-09-26T12:51:18,db01,mhamadi,10.0.5.17,success,Accepted password for mhamadi from 10.0.5.17
2025-09-26T12:57:18,jump01,root,10.0.5.12,success,Accepted password for root from 10.0.5.12
2025-09-26T12:59:18,jump01,admin,10.0.5.12,failure,Failed password for admin from 10.0.5.12
2025-09-26T13:03:18,db01,ubuntu,10.0.5.11,failure,Failed password for ubuntu from 10.0.5.11
2025-09-26T13:05:18,web01,mhamadi,10.0.5.16,success,Accepted password for mhamadi from 10.0.5.16
2025-09-26T13:07:18,db01,root,10.0.5.12,success,Accepted password for root from 10.0.5.12
2025-09-26T13:11:18,db01,root,10.0.5.17,failure,Failed password for root from 10.0.5.17
2025-09-26T13:15:18,db01,root,10.0.5.17,failure,Failed password for root from 10.0.5.17
2025-09-26T13:18:18,jump01,mhamadi,10.0.5.18,failure,Failed password for mhamadi from 10.0.5.18
2025-09-26T13:24:18,jump01,mhamadi,10.0.5.16,success,Accepted password for mhamadi from 10.0.5.16
2025-09-26T13:29:18,web01,deploy,10.0.5.19,success,Accepted password for deploy from 10.0.5.19
2025-09-26T13:35:18,jump01,ubuntu,10.0.5.12,success,Accepted password for ubuntu from 10.0.5.12
2025-09-26T13:38:18,web01,mhamadi,10.0.5.15,success,Accepted password for mhamadi from 10.0.5.15
2025-09-26T13:40:18,db01,deploy,10.0.5.19,success,Accepted password for deploy from 10.0.5.19
2025-09-26T13:44:18,jump01,root,10.0.5.11,success,Accepted password for root from 10.0.5.11
2025-09-26T13:47:18,jump01,root,10.0.5.12,success,Accepted password for root from 10.0.5.12
2025-09-26T13:52:18,jump01,root,10.0.5.17,failure,Failed password for root from 10.0.5.17
2025-09-26T13:54:18,db01,deploy,10.0.5.15,success,Accepted password for deploy from 10.0.5.15
2025-09-26T13:57:18,db01,mhamadi,10.0.5.12,failure,Failed password for mhamadi from 10.0.5.12
2025-09-26T14:00:18,db01,mhamadi,10.0.5.14,success,Accepted password for mhamadi from 10.0.5.14
2025-09-26T14:06:18,jump01,deploy,10.0.5.16,failure,Failed password for deploy from 10.0.5.16
2025-09-26T14:09:18,db01,ubuntu,10.0.5.13,success,Accepted password for ubuntu from 10.0.5.13
2025-09-26T14:13:18,jump01,deploy,10.0.5.13,success,Accepted password for deploy from 10.0.5.13
2025-09-26T14:16:18,jump01,deploy,10.0.5.12,failure,Failed password for deploy from 10.0.5.12
2025-09-26T14:18:18,jump01,root,10.0.5.15,failure,Failed password for root from 10.0.5.15
2025-09-26T14:24:18,jump01,admin,10.0.5.16,failure,Failed password for admin from 10.0.5.16
2025-09-26T14:26:18,jump01,mhamadi,10.0.5.12,failure,Failed password for mhamadi from 10.0.5.12
2025-09-26T14:31:18,db01,mhamadi,10.0.5.15,success,Accepted password for mhamadi from 10.0.5.15
2025-09-26T14:35:18,jump01,ubuntu,10.0.5.18,success,Accepted password for ubuntu from 10.0.5.18
2025-09-26T14:38:18,web01,root,10.0.5.16,success,Accepted password for root from 10.0.5.16
2025-09-26T14:42:18,db01,admin,10.0.5.13,failure,Failed password for admin from 10.0.5.13
2025-09-26T14:44:18,db01,deploy,10.0.5.13,failure,Failed password for deploy from 10.0.5.13
2025-09-26T14:49:18,web01,admin,10.0.5.15,failure,Failed password for admin from 10.0.5.15
2025-09-26T14:53:18,jump01,ubuntu,10.0.5.12,failure,Failed password for ubuntu from 10.0.5.12
2025-09-26T14:56:18,db01,admin,10.0.5.14,success,Accepted password for admin from 10.0.5.14
2025-09-26T15:01:18,db01,root,10.0.5.11,failure,Failed password for root from 10.0.5.11
2025-09-26T15:06:18,web01,admin,10.0.5.13,failure,Failed password for admin from 10.0.5.13
2025-09-26T15:09:18,web01,root,10.0.5.13,failure,Failed password for root from 10.0.5.13
2025-09-26T15:14:18,jump01,mhamadi,10.0.5.11,failure,Failed password for mhamadi from 10.0.5.11
2025-09-26T15:19:18,db01,deploy,10.0.5.17,success,Accepted password for deploy from 10.0.5.17
2025-09-26T15:24:18,jump01,admin,10.0.5.16,failure,Failed password for admin from 10.0.5.16
2025-09-26T15:26:18,web01,ubuntu,10.0.5.16,success,Accepted password for ubuntu from 10.0.5.16
2025-09-26T15:32:18,jump01,admin,10.0.5.19,failure,Failed password for admin from 10.0.5.19
2025-09-26T15:34:18,db01,root,10.0.5.16,success,Accepted password for root from 10.0.5.16
2025-09-26T15:40:18,web01,root,10.0.5.16,success,Accepted password for root from 10.0.5.16
2025-09-26T15:42:18,web01,mhamadi,10.0.5.14,success,Accepted password for mhamadi from 10.0.5.14
2025-09-26T15:45:18,jump01,ubuntu,10.0.5.11,success,Accepted password for ubuntu from 10.0.5.11
2025-09-26T15:51:18,jump01,root,10.0.5.18,success,Accepted password for root from 10.0.5.18
2025-09-26T15:55:18,web01,mhamadi,10.0.5.19,failure,Failed password for mhamadi from 10.0.5.19
